{"cameraMode":{"drawMode":0,"name":"Shaded","section":"Shading Mode"},"sceneLighting":true,"audioPlay":false,"sceneViewState":{"showFog":false,"showMaterialUpdate":false,"showSkybox":false,"showFlares":false,"showImageEffects":false,"showParticleSystems":false},"in2DMode":false,"pivot":{"x":0.0006103515625,"y":-0.02152252197265625,"z":0.0513916015625},"rotation":{"x":-0.0007400779868476093,"y":-0.9982041716575623,"z":-0.013169175945222378,"w":0.058433473110198978},"size":0.02364717237651348,"orthographic":true}